ID,Name
320025,HIFrvVnYAJmOumeIdeClmQdRn
320026,SNiXgwrOcgkESpttpRBZGMvtD
320027,gvuniajFQkXbotDfXIxEkaDbl
320028,cEVlnaMnrvwhWBlRSTuRTIoRU
320029,iYhanOrrTKDDqbCtJwaynNckW
320030,FIJGlkRSKyXmkPlxuLlnbqfkT
320031,RlAFhsUqMIWAvJgDjaDGJiCOA
320032,JUdYmKtQaIlgiJCQWKwXplaRC
320033,vXgCZdDpmyEokyRLRGnDvRrDM
320034,FTFBLotrLlGYTVStBXKjsbAHu
320035,xgGcBmijnJlrokiptXdCqFIlZ
320036,fnrjGyAhuyhbWsoryRXfmAlXx
320037,FbkNkQUFhJDDUeMlokCixvPJY
320038,JdxiPdIeAXQMbsSVnstYUOZqd
320039,WXjOEhnNlrfPHxnJVwruVBkjG
320040,cyyYfVAdAYOmwGvFjRdShXTWG
320041,nExcHGSetefwZVrgnADKpvkhc
320042,XeWCtmVYYZBhNmgvspITAORnc
320043,ILlaXPeWorWMkyASiQAvfRFCm
320044,NYGmfITTssJlkSReaIhScbtFI
320045,alVkqyaaHlCPZLToRVDSoTJXk
320046,MsyPTEIJJEsxOXsvPpRWQBuHj
320047,lZaucQOyKsFMGdYXXetPyThgj
320048,SgukcqXNdYCEmbuZcUEhcxSDB
320049,QTYcnFDdepfGuHqVHWcpKqaOF
320050,WqPDArCpokDeCJlAEleVnEFCt
320051,MhaJdhhrTASrBIVrQaYudRYJF
320052,jqgGXIaduRGuFpTZVFtZnmgLu
320053,NAXwCPKvlVEaxLvLNUPZUqTbx
320054,GRhXEuhIMiTLEyYBIeeFqwRkV
320055,wdWDqmIBFlVdUZefdqIviKtHW
320056,GEAfqPjtMPhcENSehQhZqLXEy
320057,JIicECmiGTsJWdSEuAdKwEvvh
320058,hFbNnBmLSlFoTGvruSloyIGNr
320059,TtrZpqCiNZWEyUkBhnKIaXgJN
320060,sVjmalXQNZbNNYcGqnojTSOld
320061,MWbhSZfaAxVRXROFJdeGFPUpp
320062,fQpXJKgPxvofrbSUFouRkCxnQ
320063,ccAcJjFWicFQiWwfgCcbQvEWr
320064,JEHxyvaoKwTsvpRymBilFiHGv
320065,EdfyBaULhGNqCtEsJyUOkjbMO
320066,xIWlQtABoPxbaJdyfBvuiFtFQ
320067,CbkeAllXGSAWhgeqKAPRvjpYj
320068,EDDqwRfnUUGDoSOWKrIIHalct
320069,TWqMmtoPAplOdTuDMpdwkcIAs
320070,qxSwgOcyQIXHXXoDKmdYfTffg
320071,CpHADoKxxsViHKFMhXLYCVXFa
320072,awWMHDfEJnNuaTxXtWgSpdsDo
320073,PpnSbCMHFWoHniTiqVdvKgOZF
320074,RNmmdatgxlBtlFYvPrnxwVtZk
320075,WRFWfFmwMUoMuIaaeFFqRKyye
320076,sVCfHwmxxfumfZtMPWycldSdP
320077,hsqoNZHKDvPCUrIFZpbXjtrQP
320078,UQhdAfujIHoYMNRwsjxIDCYQr
320079,okemMnAGnTjIqEXrQkXQVifwp
320080,BAInWAvmWEjFZSFlcJQYGuEan
320081,ddINWoNOHujcQIZEyrkFXEmsX
320082,XgtnuUWUtRrkaXlQnPbtgUaFf
320083,dwVoCDbENLdtnBFxXLQspTqQR
320084,HcsQdbsbajakIFAdZMtWQaKXE
320085,iEHuUFgMTwLEyqSATyGafQora
320086,IDumSQnynHvNGiXMWVrrylMpk
320087,UVonpKwZSsSZglCLTqQsELEej
320088,drfLkVUiwkVjIxBuLjHkQRMSU
320089,cXXGKJaDFhWsoIJXnLWxqwvlN
320090,xOWGXTQwxUqTCTdCGnRGuDqfZ
320091,GWlbOUwOsAGZYrWqfMofUaRcd
320092,HNvGJNllBikAUJDkLWCmYqUfS
320093,gDopTMkpivFupCXUarZKTcgYX
320094,JveuubLerSONbNWMFeJCmOIhR
320095,fljvgaLYFymHTbSMPCVVYLxIh
320096,kwADUnjZGEyiorapjSatoJKUe
320097,FxqyIGANCaBOKhBMEaEoHIbHV
320098,qBOwdLmvNLhkuuviMqMupdbmt
320099,JbUyQJqcUWdMFnLMYeeWaWibr
320100,HhohgIldyBfofabZogFHBNGxl
320101,rkdpbDraLBaoJsYMNEmCTrNBf
320102,BsnEpWWUmyJHUIjZixMiLWfHg
320103,WJlNtMHxVTFTERhYUGCXUDiIU
320104,bwXqpfgJxNcwbWKsmLWBtfZZG
320105,KvTjZpwaDRhobujEqLEoxSTCX
320106,KEDgFnuqJYlgoIXdKPciRXAGc
320107,HUvJlDlAbyyqijgYudNxNdndn
320108,fLlhbSvkZqLWWgpYArrBtEPJi
320109,KcVVXPqNtsXTFjSQJkLIAoKrc
320110,qsSKVlcTvuGYoOgOUlgMlNSjf
320111,uwmLAQYVIAPpSYkvtZdvElYGo
320112,MCdBAaQhbpKbJBcKGrmeQpqdZ
320113,TyadXvjiUfflqiPBmoEQMaQmV
320114,XETTkoSGblJPydRDNJomOkQAe
320115,kMhwqUbYbhQTFxUuGDuqoFnlV
320116,SmDCKZXcxFvNQXjKYOWLIJiLD
320117,OeVdPrMjjcdPhtYFZMtpDLEJA
320118,CAEGijoBovffnUuhbjWWjKrhs
320119,favRGCGJuwDpgVAnNIBIrZhBn
320120,unsrfxUCOkGOthYsVcQttKCiK
320121,LFGUqJNiYpFofnrdpvOLXifIj
320122,IKFMQUuBVJIQTiRZaGiRDosNZ
320123,TRHeluebkqXwfitTEZKWTVbwf
320124,ybaeXbFhdbmtFIjrxcaqpqrLd
320125,tQypoeYZrBTOhKCENguViHBfa
320126,GZQoBgIwoTweApjACUxlZyiGr
320127,trKKMYnsfUUEsnBUGnsKeHCBs
320128,IVsOUFyRbYHVkWdqduoReQtqW
320129,fSeMRMvVUyxKBDyIaFUWotkvQ
320130,xAbAouukDBTwdEeDhEQycnEkI
320131,FsWgSGwEErthyKRLqtYpJaxYm
320132,kngngHPsMbLEsBZCPCOrJmtLi
320133,DtDBHCTJyJjoTfgcSSCMTTSKE
320134,vLFXVayRKQtyahVTuysSDrrOk
320135,TCrVmOpXFKBTpjhpsnNwAIDmT
320136,VLxDKAjvhAjZtIVbRHufGJBWt
320137,QbGrVaReHAHxhIYIKQRFKUgxc
320138,RjZZcPONTYLMIPFlJCyEqZsSa
320139,iISqvDHhjmQLPrkoQeYAUlDsi
320140,HNidERpveSFklbpgvHAfQSBPG
320141,CLmCGqrfpWLWSdvaEMWXrgNNi
320142,ghPFBIfwfGOeBrFBUuLnLwdIa
320143,wCqinYOqGPtVEgfpgidClJsBB
320144,IRtwpTUyIbXbhcORhjDReAAom
320145,cidVdCVDeHdlLrhDhvBaGZLYK
320146,gcSbsOiycKrkfLNjFhmnODsbU
320147,tQcJJFeQHXQtCigYOwGSxtkfo
320148,EoXDHGCgMyBxAcUiYgrNKM